0;1
abcès;abcès
abus;abus
accès;accès
accordailles;accordailles
affres;affres
affûtiau;affûtiaux
aguets;aguets
ailleurs;ailleurs
ails;ail
albatros;albatros
alentours;alentours
alors;alors
aloyau;aloyaux
ambages;ambages
anchois;anchois
anglais;anglais
annales;annales
appointements;appointements
après;après
archives;archives
armoiries;armoiries
arrérages;arrérages
arrhes;arrhes
atriau;atriaux
au;aux
aulx;ail
autobus;autobus
bals;bal
bancals;bancal
bau;baux
baux;bail
bérimbau;bérimbaux
bestiau;bestiaux
biomatériau;biomatériaux
bitoniau;bitoniaux
boucau;boucaux
boyau;boyaux
brebis;brebis
burgau;burgaux
cabillau;cabillaux
calendes;calendes
carnau;carnaux
carnavals;carnavals
carquois;carquois
cas;cas
certes;certes
chacals;chacal
chas;chas
cliques;cliques
colis;colis
complies;complies
concours;concours
condoléances;condoléances
confins;confins
confus;confus
coraux;corail
corps;corps
cours;cours
coyau;coyaux
crau;craux
cyprès;cyprès
dans;dans
décès;décès
dedans;dedans
dehors;dehors
dépens;dépens
dès;dès
désormais;désormais
dessous;dessous
dessus;dessus
devis;devis
discours;discours
donau;donaux
dos;dos
ébats;ébats
émaux;émail
embarras;embarras
engrais;engrais
entrailles;entrailles
entrelacs;entrelacs
envers;envers
épousailles;épousailles
errements;errements
esquimau;esquimaux
étau;étaux
excès;excès
fabliau;fabliaux
fatals;fatal
festivals;festival
fiançailles;fiançailles
fléau;fléaux
flûtiau;flûtiaux
fois;fois
fonds;fonds
frais;frais
funérailles;funérailles
gâchis;gâchis
gars;gars
gens;gens
glacials;glacial
glas;glas
gluau;gluaux
grau;graux
gruau;gruaux
guet-apens;guet-apens
héros;héros
honoraires;honoraires
hoyau;hoyaux
huhau;huhaux
ibijau;ibijaux
inclus;inclus
intrus;intrus
jars;jars
joyau;joyaux
jus;jus
karbau;karbaux
kérabau;kérabaux
kermès;kermès
lacis;lacis
landau;landaux
legs;legs
lilas;lilas
longtemps;longtemps
mais;mais
marais;marais
mars;mars
matelas;matelas
matériau;matériaux
matines;matines
mépris;mépris
merbau;merbaux
mets;mets
micronoyau;micronoyaux
mœurs;mœurs
moins;moins
mois;mois
mors;mors
morvandiau;morvandiaux
nanomatériau;nanomatériaux
natals;natal
navals;naval
néanmoins;néanmoins
nilgau;nilgaux
nobliau;nobliaux
noyau;noyaux
obsèques;obsèques
obus;obus
os;os
palais;palais
paradis;paradis
parcours;parcours
pardessus;pardessus
parfois;parfois
pays;pays
pénates;pénates
pers;pers
pierreries;pierreries
pilau;pilaux
plus;plus
plusieurs;plusieurs
poids;poids
pois;pois
pouls;pouls
préau;préaux
préparatifs;préparatifs
printemps;printemps
processus;processus
progrès;progrès
puis;puis
puits;puits
pus;pus
quelquefois;quelquefois
rabais;rabais
radis;radis
rafiau;rafiaux
récitals;récital
recors;recors
recours;recours
refus;refus
régals;régal
relais;relais
relevailles;relevailles
remords;remords
remous;remous
repas;repas
restau;restaux
rhinocéros;rhinocéros
rillettes;rillettes
rubis;rubis
salopiau;salopiaux
sarrau;sarraux
sas;sas
sauteriau;sauteriaux
secours;secours
senau;senaux
sévices;sévices
soupiraux;soupirail
souris;souris
sous;sous
succès;succès
surbau;surbaux
talus;talus
tapis;tapis
tau;taux
taudis;taudis
temps;temps
ténèbres;ténèbres
thermes;thermes
tiers;tiers
touchau;touchaux
toujours;toujours
toutefois;toutefois
travaux;travail
très;très
tussau;tussaux
tuyau;tuyaux
unau;unaux
univers;univers
us;us
vantaux;vantail
vau;vaux
velours;velours
vêpres;vêpres
verglas;verglas
vernis;vernis
vers;vers
victuailles;victuailles
vipériau;vipériaux
virus;virus
vitraux;vitrail
volontiers;volontiers
ypréau;ypréaux
